DESCRIPTION;Geom;LOCATION;NOTES;SPACES;URL;Geo Local Area
Designated meter parking space;"{""type"": ""Point"", ""coordinates"": [-123.069865, 49.27218]}";North Side 1600 Kitchener St;No stopping accessible zone;1;;Grandview-Woodland
Designated meter parking space;"{""type"": ""Point"", ""coordinates"": [-123.069265, 49.27573]}";South Side 1700 Parker St;No stopping accessible zone;1;;Grandview-Woodland
Designated parking zone;"{""type"": ""Point"", ""coordinates"": [-123.159807, 49.236842]}";East Side  5400 Vine St;No stopping accessible zone;1;;Arbutus-Ridge
Designated meter parking space;"{""type"": ""Point"", ""coordinates"": [-123.101146, 49.262189]}";West Side  2500 Main St;No stopping accessible zone;1;;Mount Pleasant
Designated meter parking space;"{""type"": ""Point"", ""coordinates"": [-123.161686, 49.234602]}";South Side 2400 W 41st Av;No stopping accessible zone;1;;Arbutus-Ridge
Designated meter parking space;"{""type"": ""Point"", ""coordinates"": [-123.101067, 49.247102]}";East Side  4200 Main St;No stopping accessible zone;1;;Riley Park
Designated meter parking space;"{""type"": ""Point"", ""coordinates"": [-123.099077, 49.280364]}";South Side 200 E Pender St;No stopping accessible zone;1;;Strathcona
Designated meter parking space;"{""type"": ""Point"", ""coordinates"": [-123.150453, 49.267918]}";West Side  2000 Maple St;No stopping accessible zone;1;;Kitsilano
Designated meter parking space;"{""type"": ""Point"", ""coordinates"": [-123.129796, 49.288055]}";West Side  700 Broughton St;No stopping accessible zone;1;;West End
Designated parking zone;"{""type"": ""Point"", ""coordinates"": [-123.049416, 49.280955]}";West Side  400 Slocan St;No stopping accessible zone;1;;Hastings-Sunrise
Designated meter parking space;"{""type"": ""Point"", ""coordinates"": [-123.164868, 49.26394]}";South Side 2600 W Broadway;No stopping accessible zone;1;;Kitsilano
Designated meter parking space;"{""type"": ""Point"", ""coordinates"": [-123.11344, 49.282943]}";East Side  500 Richards St;No stopping accessible zone;1;;Downtown
Designated 2HR parking zone;"{""type"": ""Point"", ""coordinates"": [-123.032349, 49.237411]}";North Side 3400 Crowley Drive;No stopping accessible zone 2-hour parking;1;;Renfrew-Collingwood
Designated 2HR parking zone;"{""type"": ""Point"", ""coordinates"": [-123.138394, 49.258014]}";North Side 1400 W 15th Av;No stopping disabled zone 2-hour parking;1;;Fairview
Designated parking zone;"{""type"": ""Point"", ""coordinates"": [-123.146095, 49.263619]}";South Side 1800 W Broadway;No stopping accessible zone;1;;Kitsilano
Designated meter parking space;"{""type"": ""Point"", ""coordinates"": [-123.054656, 49.28093]}";West Side  400 Kamloops St;No stopping accessible zone;1;;Hastings-Sunrise
Designated 2HR parking zone;"{""type"": ""Point"", ""coordinates"": [-123.115941, 49.234632]}";East Side  5500 Cambie St;No stopping accessible zone 2-hour parking;1;;Riley Park
Designated 2HR parking zone;"{""type"": ""Point"", ""coordinates"": [-123.185092, 49.248607]}";East Side  4200 Dunbar St;No stopping accessible zone 2-hour parking;1;;Dunbar-Southlands
Designated meter parking space;"{""type"": ""Point"", ""coordinates"": [-123.128447, 49.279453]}";East Side  1100 Burrard St;No stopping accessible zone;1;;Downtown
Designated meter parking space;"{""type"": ""Point"", ""coordinates"": [-123.157828, 49.234769]}";West Side  5600 Yew St;No stopping accessible zone;1;;Arbutus-Ridge
Designated meter parking space;"{""type"": ""Point"", ""coordinates"": [-123.157142, 49.263808]}";South Side 2200 W Broadway;No stopping accessible zone;1;;Kitsilano
Designated meter parking space;"{""type"": ""Point"", ""coordinates"": [-123.176211, 49.264278]}";North Side 3200 W Broadway;No stopping accessible zone;1;;Kitsilano
Designated meter parking space;"{""type"": ""Point"", ""coordinates"": [-123.101613, 49.259286]}";South Side 100 E 13th Av;No stopping accessible zone;1;;Mount Pleasant
Designated 2HR parking zone;"{""type"": ""Point"", ""coordinates"": [-123.116032, 49.231757]}";East Side  5800 Cambie St;No stopping accessible zone 2-hour parking;1;;Oakridge
Designated meter parking space;"{""type"": ""Point"", ""coordinates"": [-123.123063, 49.2753257]}";East Side  1100 Homer St;No stopping accessible zone;1;;Downtown
Designated 2HR parking zone;"{""type"": ""Point"", ""coordinates"": [-123.099715, 49.2619217]}";South Side 200 E 10th Av;No stopping accessible zone 2-hour parking;1;;Mount Pleasant
Designated meter parking space;"{""type"": ""Point"", ""coordinates"": [-123.108411, 49.2831648]}";South Side 100 W Cordova St;No stopping accessible zone;1;;Downtown
Designated meter parking space;"{""type"": ""Point"", ""coordinates"": [-123.132059, 49.281015]}";North Side 1100 Davie St;No stopping accessible zone;1;;West End
Designated meter parking space;"{""type"": ""Point"", ""coordinates"": [-123.093077, 49.27149]}";South Side 500 Terminal Av;No stopping accessible zone;1;;Strathcona
Designated meter parking space;"{""type"": ""Point"", ""coordinates"": [-123.143048, 49.26622]}";South Side 1600 W 6th Av;No stopping accessible zone;1;;Fairview
Designated 3HR Parking Zone;"{""type"": ""Point"", ""coordinates"": [-123.184918, 49.248042]}";South Side 3500 W 27th Av;No stopping accessible zone 3-hour parking;1;;Dunbar-Southlands
Designated 2HR parking zone;"{""type"": ""Point"", ""coordinates"": [-123.094023, 49.273874]}";North Side 400 National Av;No stopping accessible zone 2-hour parking;1;;Strathcona
Designated meter parking space;"{""type"": ""Point"", ""coordinates"": [-123.125323, 49.262211]}";East Side  2600 Laurel St;No stopping accessible zone;1;;Fairview
Designated meter parking space;"{""type"": ""Point"", ""coordinates"": [-123.123158, 49.262425]}";North Side 800 W 10th Av;No stopping accessible zone;1;;Fairview
Designated meter parking space;"{""type"": ""Point"", ""coordinates"": [-123.113817, 49.266701]}";North Side 400 W 5th Av;No stopping accessible zone;1;;Mount Pleasant
Designated meter parking space;"{""type"": ""Point"", ""coordinates"": [-123.122888, 49.262425]}";North Side 800 W 10th Av;No stopping accessible zone;1;;Fairview
Designated parking zone;"{""type"": ""Point"", ""coordinates"": [-123.161351, 49.233618]}";East Side  5800 Balsam St;No stopping accessible zone;1;;Kerrisdale
Designated meter parking space;"{""type"": ""Point"", ""coordinates"": [-123.121647, 49.282822]}";West Side  700 Hornby St;No stopping accessible zone;1;;Downtown
Designated meter parking space;"{""type"": ""Point"", ""coordinates"": [-123.101352, 49.28032]}";South Side 100 E Pender St;No stopping accessible zone;1;;Downtown
Designated meter parking space;"{""type"": ""Point"", ""coordinates"": [-123.069242, 49.27398]}";North Side 1700 William St;No stopping accessible zone;1;;Grandview-Woodland
Designated meter parking space;"{""type"": ""Point"", ""coordinates"": [-123.12386, 49.263448]}";North Side 800 W Broadway;No stopping accessible zone;1;;Fairview
Designated meter parking space;"{""type"": ""Point"", ""coordinates"": [-123.097886, 49.278593]}";North Side 200 E Georgia St;No stopping accessible zone;1;;Strathcona
Designated 2HR parking zone;"{""type"": ""Point"", ""coordinates"": [-123.135596, 49.291635]}";North Side 1800 Robson St;No stopping accessible zone 2-hour parking;1;;West End
Designated parking zone;"{""type"": ""Point"", ""coordinates"": [-123.137738, 49.28796]}";West Side  1000 Bidwell St;No stopping accessible zone;1;;West End
Designated 2HR parking zone;"{""type"": ""Point"", ""coordinates"": [-123.1378, 49.290176]}";South Side 1800 Barclay St;No stopping accessible zone 2-hour parking;1;;West End
Designated meter parking space;"{""type"": ""Point"", ""coordinates"": [-123.173047, 49.264087]}";South Side 3000 W Broadway;No stopping accessible zone;1;;Kitsilano
Designated 2HR parking zone;"{""type"": ""Point"", ""coordinates"": [-123.065496, 49.230671]}";East Side  5800 Victoria Drive;No stopping accessible zone 2-hour parking;1;;Victoria-Fraserview
Designated meter parking space;"{""type"": ""Point"", ""coordinates"": [-123.138925, 49.265324]}";South Side 1500 W 7th Av;No stopping accessible zone;1;;Fairview
Designated meter parking space;"{""type"": ""Point"", ""coordinates"": [-123.119352, 49.274782]}";West Side  1000 Cambie St;No stopping accessible zone;1;;Downtown
Designated meter parking space;"{""type"": ""Point"", ""coordinates"": [-123.162689, 49.26406]}";North Side 2500 W Broadway;No stopping accessible zone;1;;Kitsilano
Designated meter parking space;"{""type"": ""Point"", ""coordinates"": [-123.090801, 49.228809]}";West Side  6100 Fraser St;No stopping accessible zone;1;;Sunset
Designated meter parking space;"{""type"": ""Point"", ""coordinates"": [-123.138192, 49.280236]}";South Side 1200 Beach Av;No stopping accessible zone;1;;West End
Designated meter parking space;"{""type"": ""Point"", ""coordinates"": [-123.110675, 49.264822]}";North Side 200 W 7th Av;No stopping accessible zone;1;;Mount Pleasant
Designated meter parking space;"{""type"": ""Point"", ""coordinates"": [-123.115047, 49.254719]}";East Side  3400 Cambie St;No stopping accessible zone;1;;Riley Park
Designated 2HR parking zone;"{""type"": ""Point"", ""coordinates"": [-123.025618, 49.232311]}";North Side 3600 Kingsway;No stopping accessible zone 2-hour parking;1;;Renfrew-Collingwood
Designated meter parking space;"{""type"": ""Point"", ""coordinates"": [-123.140115, 49.286125]}";South Side 1600 Davie St;No stopping accessible zone;1;;West End
Designated 2HR parking zone;"{""type"": ""Point"", ""coordinates"": [-123.185517, 49.246111]}";South Side 3600 W 29th Av;No stopping accessible zone 2-hour parking;1;;Dunbar-Southlands
Designated 2HR parking zone;"{""type"": ""Point"", ""coordinates"": [-123.140916, 49.211328]}";South Side 1500 W 66th Av;No stopping accessible zone 2-hour parking;1;;Marpole
Designated meter parking space;"{""type"": ""Point"", ""coordinates"": [-123.128025, 49.290416]}";North Side 1400 W Hastings St;No stopping accessible zone;1;;Downtown
Designated meter parking space;"{""type"": ""Point"", ""coordinates"": [-123.121942, 49.276219]}";West Side  1100 Homer St;No stopping accessible zone;1;;Downtown
Designated 2HR parking zone;"{""type"": ""Point"", ""coordinates"": [-123.082866, 49.274061]}";West Side  1200 Raymur Av;No stopping accessible zone 2-hour parking;1;;Strathcona
Designated meter parking space;"{""type"": ""Point"", ""coordinates"": [-123.069818, 49.264713]}";West Side  2200 Commercial Drive;No stopping accessible zone;1;;Grandview-Woodland
Designated 2HR parking zone;"{""type"": ""Point"", ""coordinates"": [-123.101803, 49.283801]}";South Side 100 Alexander St;No stopping accessible zone 2-hour parking;1;;Downtown
Designated 2HR parking zone;"{""type"": ""Point"", ""coordinates"": [-123.118021, 49.2687208]}";East Side  400 Moberly Road;No stopping accessible zone 2-hour parking;1;;Fairview
Designated meter parking space;"{""type"": ""Point"", ""coordinates"": [-123.142926, 49.270577]}";South Side 1600 W 1st Av;No stopping accessible zone;1;;Fairview
Designated meter parking space;"{""type"": ""Point"", ""coordinates"": [-123.099266, 49.28233]}";North Side 200 E Cordova St;No stopping accessible zone;1;;Strathcona
Designated meter parking space;"{""type"": ""Point"", ""coordinates"": [-123.127877, 49.278592]}";South Side 1100 Hornby St;No stopping accessible zone;1;;Downtown
Designated meter parking space;"{""type"": ""Point"", ""coordinates"": [-123.090857, 49.226377]}";West Side  6400 Fraser St;No stopping accessible zone;1;;Sunset
Designated 3HR Parking Zone;"{""type"": ""Point"", ""coordinates"": [-123.18339, 49.268521]}";South Side 3500 W 4th Av;No stopping accessible zone 3-hour parking;1;;Kitsilano
Designated meter parking space;"{""type"": ""Point"", ""coordinates"": [-123.147652, 49.270643]}";South Side 1800 W 1st Av;No stopping accessible zone;1;;Kitsilano
Designated meter parking space;"{""type"": ""Point"", ""coordinates"": [-123.126062, 49.275038]}";North Side 500 Drake St;No stopping accessible zone;1;;Downtown
Designated parking zone;"{""type"": ""Point"", ""coordinates"": [-123.203083, 49.263926]}";West Side  2500 Discovery St;No stopping accessible zone;1;;West Point Grey
Designated meter parking space;"{""type"": ""Point"", ""coordinates"": [-123.121105, 49.262383]}";North Side 700 W 10th Av;No stopping accessible zone;1;;Fairview
Designated meter parking space;"{""type"": ""Point"", ""coordinates"": [-123.118307, 49.262334]}";North Side 600 W 10th Av;No stopping accessible zone;1;;Fairview
Designated 3HR parking zone - Under Granville St. Bridge;"{""type"": ""Point"", ""coordinates"": [-123.131423, 49.273831]}";West Side  1500 Granville St;No stopping accessible zone 3-hour parking;1;;Downtown
Designated meter parking space;"{""type"": ""Point"", ""coordinates"": [-123.125992, 49.275005]}";North Side 500 Drake St;No stopping accessible zone;1;;Downtown
Designated meter parking space;"{""type"": ""Point"", ""coordinates"": [-123.125323, 49.262158]}";East Side  2600 Laurel St;No stopping accessible zone;1;;Fairview
Designated 3HR parking zone;"{""type"": ""Point"", ""coordinates"": [-123.036664, 49.234804]}";East Side  5400 Cecil St;No stopping accessible zone 3-hour parking;1;;Renfrew-Collingwood
Designated meter parking space;"{""type"": ""Point"", ""coordinates"": [-123.121927, 49.284201]}";North Side 1000 Alberni St;No stopping accessible zone;1;;West End
Designated parking zone;"{""type"": ""Point"", ""coordinates"": [-123.161317, 49.23678]}";West Side  5400 Balsam St;No stopping accessible zone;1;;Arbutus-Ridge
Designated meter parking space;"{""type"": ""Point"", ""coordinates"": [-123.069193, 49.271247]}";South Side 1700 Grant St;No stopping accessible zone;1;;Grandview-Woodland
Designated meter parking space;"{""type"": ""Point"", ""coordinates"": [-123.121273, 49.282925]}";East Side  700 Hornby St;No stopping accessible zone;1;;Downtown
Designated parking zone;"{""type"": ""Point"", ""coordinates"": [-123.158484, 49.237811]}";West Side  5300 Yew St;No stopping accessible zone;1;;Arbutus-Ridge
Designated meter parking space;"{""type"": ""Point"", ""coordinates"": [-123.10113, 49.250122]}";West Side  3900 Main St;No stopping accessible zone;1;;Riley Park
Designated meter parking space;"{""type"": ""Point"", ""coordinates"": [-123.069548, 49.267647]}";East Side  1900 Commercial Drive;No stopping accessible zone;1;;Grandview-Woodland
Designated meter parking space;"{""type"": ""Point"", ""coordinates"": [-123.14754, 49.267974]}";South Side 1800 W 4th Av;No stopping accessible zone;1;;Kitsilano
Designated meter parking space;"{""type"": ""Point"", ""coordinates"": [-123.140605, 49.287822]}";South Side 1700 Pendrell St;No stopping accessible zone;1;;West End
Designated meter parking space;"{""type"": ""Point"", ""coordinates"": [-123.132531, 49.289359]}";West Side  800 Cardero St;No stopping accessible zone;1;;West End
Designated meter parking space;"{""type"": ""Point"", ""coordinates"": [-123.126665, 49.275622]}";West Side  1200 Seymour St;No stopping accessible zone;1;;Downtown
Designated meter parking space;"{""type"": ""Point"", ""coordinates"": [-123.057757, 49.281354]}";East Side  300 Garden Drive;No stopping accessible zone;1;;Grandview-Woodland
Designated 2HR parking zone;"{""type"": ""Point"", ""coordinates"": [-123.065429, 49.233088]}";East Side  5600 Victoria Drive;No stopping accessible zone 2-hour parking;1;;Kensington-Cedar Cottage
Designated meter parking space;"{""type"": ""Point"", ""coordinates"": [-123.139167, 49.262601]}";South Side 1500 W 10th Av;No stopping accessible zone;1;;Fairview
Designated meter parking space;"{""type"": ""Point"", ""coordinates"": [-123.090656, 49.226714]}";East Side  6300 Fraser St;No stopping accessible zone;1;;Sunset
Designated 1HR parking zone;"{""type"": ""Point"", ""coordinates"": [-123.101281, 49.242414]}";East Side  4700 Main St;No stopping accessible zone 1-hour parking;1;;Riley Park
Designated meter parking space;"{""type"": ""Point"", ""coordinates"": [-123.032633, 49.232604]}";North Side 3300 Kingsway;No stopping accessible zone;1;;Renfrew-Collingwood
Designated 2HR parking zone;"{""type"": ""Point"", ""coordinates"": [-123.052684, 49.239503]}";North Side 2500 Kingsway;No stopping accessible zone 2-hour parking;1;;Renfrew-Collingwood
Designated 2HR parking zone;"{""type"": ""Point"", ""coordinates"": [-123.18236, 49.234625]}";South Side 3500 W 41st Av;No stopping accessible zone 2-hour parking;1;;Dunbar-Southlands
Designated parking zone;"{""type"": ""Point"", ""coordinates"": [-123.038911, 49.280856]}";West Side  400 Lillooet St;No stopping accessible zone;1;;Hastings-Sunrise
Designated meter parking space;"{""type"": ""Point"", ""coordinates"": [-123.130018, 49.277286]}";West Side  1300 Hornby St;No stopping accessible zone;1;;Downtown
Designated meter parking space;"{""type"": ""Point"", ""coordinates"": [-123.101601, 49.25836]}";South Side 100 E 14th Av;No stopping accessible zone;1;;Mount Pleasant
Designated 2HR parking zone;"{""type"": ""Point"", ""coordinates"": [-123.039382, 49.289483]}";North Side 3100 New Brighton Road;No stopping accessible zone 2-hour parking;1;;Hastings-Sunrise
Designated 2HR parking zone;"{""type"": ""Point"", ""coordinates"": [-123.155742, 49.247023]}";North Side 2100 Eddington Drive;No stopping accessible zone 2-hour parking;1;;Arbutus-Ridge
Designated meter parking space;"{""type"": ""Point"", ""coordinates"": [-123.10559, 49.271571]}";North Side 0 Athletes Way;No stopping accessible zone;1;;Mount Pleasant
Designated 3HR parking zone - Under Granville St. Bridge;"{""type"": ""Point"", ""coordinates"": [-123.13145, 49.27381]}";West Side  1500 Granville St;No stopping accessible zone 3-hour parking;1;;Downtown
Designated 2HR parking zone;"{""type"": ""Point"", ""coordinates"": [-123.090004, 49.255393]}";West Side  3300 Fraser St;No stopping accessible zone 2-hour parking;1;;Riley Park
Designated meter parking space;"{""type"": ""Point"", ""coordinates"": [-123.09074, 49.229961]}";West Side  6000 Fraser St;No stopping accessible zone;1;;Sunset
Designated 3HR Parking Zone;"{""type"": ""Point"", ""coordinates"": [-123.104607, 49.26372]}";South Side 0 E 8th Av;No stopping accessible zone 3-hour parking;1;;Mount Pleasant
Designated meter parking space;"{""type"": ""Point"", ""coordinates"": [-123.113895, 49.266698]}";North Side 400 W 5th Av;No stopping accessible zone;1;;Mount Pleasant
Designated parking zone;"{""type"": ""Point"", ""coordinates"": [-123.205585, 49.267183]}";South Side 4300 W 6th Av;No stopping accessible zone 8am-6pm;;;West Point Grey
Designated meter parking space;"{""type"": ""Point"", ""coordinates"": [-123.211583, 49.26393]}";North Side 4500 W 10th Av;No stopping accessible zone;1;;West Point Grey
Designated meter parking space;"{""type"": ""Point"", ""coordinates"": [-123.123002, 49.262428]}";North Side 800 W 10th Av;No stopping accessible zone;1;;Fairview
Designated meter parking space;"{""type"": ""Point"", ""coordinates"": [-123.121193, 49.262384]}";North Side 700 W 10th Av;No stopping accessible zone;1;;Fairview
Designated meter parking space;"{""type"": ""Point"", ""coordinates"": [-123.120931, 49.263392]}";North Side 700 W Broadway;No stopping accessible zone;1;;Fairview
Designated meter parking space;"{""type"": ""Point"", ""coordinates"": [-123.10552, 49.271571]}";North Side 0 Athletes Way;No stopping accessible zone;1;;Mount Pleasant
Designated meter parking space;"{""type"": ""Point"", ""coordinates"": [-123.121027, 49.262381]}";North Side 700 W 10th Av;No stopping accessible zone;1;;Fairview
Designated meter parking space;"{""type"": ""Point"", ""coordinates"": [-123.145152, 49.268868]}";South Side 1700 W 3rd Av;No stopping accessible zone;1;;Fairview
Designated meter parking space;"{""type"": ""Point"", ""coordinates"": [-123.103759, 49.277668]}";North Side 0 Expo Blvd;No stopping accessible zone;1;;Downtown
Designated 3HR parking zone;"{""type"": ""Point"", ""coordinates"": [-123.081036, 49.25272]}";North Side 1100 Kingsway;No stopping accessible zone 3-hour parking;1;;Kensington-Cedar Cottage
